{
  "avg_batch_time": 0.3175762286581463,
  "avg_throughput": 31.255793470255686,
  "avg_memory_efficiency": 0.6021177734664446,
  "avg_power_efficiency": 0.518354225094159,
  "peak_throughput": 42.71604553448824,
  "min_batch_time": 0.18024344230383732,
  "throughput_std": 7.411274796625896,
  "memory_efficiency_std": 0.15125057730818026
}